{"YEAR":{"0":2006,"1":2007,"2":2008,"3":2009,"4":2010,"5":2011,"6":2012,"7":2013,"8":2014,"9":2015,"10":2016,"11":2017,"12":2018,"13":2019,"14":2020,"15":2021,"16":2022,"17":2023,"18":2024,"19":2025,"20":2026,"21":2027,"22":2028,"23":2029,"24":2030,"25":2031,"26":2032,"27":2033,"28":2034,"29":2035,"30":2036,"31":2037,"32":2038,"33":2039,"34":2040,"35":2041,"36":2042,"37":2043,"38":2044,"39":2045,"40":2046,"41":2047,"42":2048,"43":2049,"44":2050,"45":2051,"46":2052,"47":2053,"48":2054,"49":2055,"50":2056,"51":2057,"52":2058,"53":2059,"54":2060,"55":2061,"56":2062,"57":2063,"58":2064,"59":2065,"60":2066,"61":2067,"62":2068,"63":2069,"64":2070,"65":2071,"66":2072,"67":2073,"68":2074,"69":2075,"70":2076,"71":2077,"72":2078,"73":2079,"74":2080,"75":2081,"76":2082,"77":2083,"78":2084,"79":2085,"80":2086,"81":2087,"82":2088,"83":2089,"84":2090,"85":2091,"86":2092,"87":2093,"88":2094,"89":2095,"90":2096,"91":2097,"92":2098,"93":2099,"94":2100},"Mean":{"0":2.5051546392,"1":1.2886597938,"2":1.4020618557,"3":1.2783505155,"4":0.8865979381,"5":1.2577319588,"6":1.2989690722,"7":1.8041237113,"8":1.587628866,"9":1.4329896907,"10":2.1546391753,"11":1.5051546392,"12":1.5051546392,"13":2.5360824742,"14":1.8865979381,"15":1.3092783505,"16":2.587628866,"17":0.8041237113,"18":1.2680412371,"19":1.2886597938,"20":1.5463917526,"21":2.3711340206,"22":0.9072164948,"23":1.1237113402,"24":1.9793814433,"25":1.7010309278,"26":1.8556701031,"27":1.8144329897,"28":1.175257732,"29":0.9793814433,"30":1.5773195876,"31":1.793814433,"32":1.1134020619,"33":1.8659793814,"34":1.4329896907,"35":1.2164948454,"36":1.2783505155,"37":1.6597938144,"38":1.3711340206,"39":1.4742268041,"40":1.5773195876,"41":1.4536082474,"42":1.2989690722,"43":1.9381443299,"44":1.2577319588,"45":1.3711340206,"46":0.7835051546,"47":1.3402061856,"48":1.8865979381,"49":1.0206185567,"50":1.7628865979,"51":1.5257731959,"52":1.1649484536,"53":0.9381443299,"54":1.175257732,"55":1.1546391753,"56":1.0515463918,"57":1.6701030928,"58":1.0206185567,"59":1.4948453608,"60":1.3092783505,"61":1.587628866,"62":1.0927835052,"63":1.0,"64":1.5670103093,"65":1.9587628866,"66":0.7525773196,"67":1.6494845361,"68":1.2474226804,"69":1.5670103093,"70":0.6391752577,"71":1.1855670103,"72":1.7628865979,"73":0.5463917526,"74":1.3917525773,"75":2.0824742268,"76":0.9278350515,"77":1.8350515464,"78":1.1855670103,"79":1.1958762887,"80":0.9072164948,"81":0.8144329897,"82":1.1443298969,"83":1.793814433,"84":1.3092783505,"85":1.0618556701,"86":2.2164948454,"87":1.1546391753,"88":1.381443299,"89":1.2989690722,"90":0.7835051546,"91":0.618556701,"92":0.8041237113,"93":1.4639175258,"94":1.6494845361},"TotalPrecip":{"0":897.8020618557,"1":461.5556701031,"2":503.3474226804,"3":459.3216494845,"4":320.875257732,"5":450.2855670103,"6":468.7453608247,"7":648.3072164948,"8":568.8659793814,"9":515.5051546392,"10":773.5443298969,"11":539.0804123711,"12":540.2164948454,"13":909.1690721649,"14":678.0639175258,"15":470.5989690722,"16":927.5989690722,"17":288.0659793814,"18":455.7020618557,"19":461.693814433,"20":554.0865979381,"21":849.0237113402,"22":328.3237113402,"23":404.9979381443,"24":710.9422680412,"25":610.1762886598,"26":666.218556701,"27":652.4175257732,"28":423.4309278351,"29":351.3216494845,"30":567.9824742268,"31":643.881443299,"32":400.5886597938,"33":671.0680412371,"34":515.0206185567,"35":437.0639175258,"36":458.2948453608,"37":596.6886597938,"38":492.6690721649,"39":529.1525773196,"40":567.2824742268,"41":522.1546391753,"42":469.8515463918,"43":696.0731958763,"44":453.4432989691,"45":492.3453608247,"46":282.3278350515,"47":483.181443299,"48":677.3288659794,"49":368.9072164948,"50":633.4175257732,"51":546.6721649485,"52":418.5072164948,"53":337.7804123711,"54":423.3969072165,"55":416.8865979381,"56":379.2020618557,"57":598.3649484536,"58":369.4268041237,"59":535.3,"60":471.7556701031,"61":569.3865979381,"62":393.1216494845,"63":360.2680412371,"64":563.393814433,"65":704.6597938144,"66":270.3783505155,"67":592.6680412371,"68":449.7432989691,"69":561.6597938144,"70":232.8237113402,"71":427.987628866,"72":633.4164948454,"73":197.6917525773,"74":502.3350515464,"75":745.6092783505,"76":333.3855670103,"77":660.2309278351,"78":427.3783505155,"79":428.5855670103,"80":327.9319587629,"81":293.5845360825,"82":411.1659793814,"83":642.8587628866,"84":470.7762886598,"85":381.0288659794,"86":798.8072164948,"87":414.124742268,"88":496.3525773196,"89":467.8979381443,"90":284.1020618557,"91":223.2072164948,"92":289.3886597938,"93":524.7793814433,"94":592.0371134021},"PctChange":{"0":null,"1":-48.5904867328,"2":9.0545421245,"3":-8.7465975213,"4":-30.141490589,"5":40.3304107001,"6":4.0995748403,"7":38.3069083295,"8":-12.2536407265,"9":-9.3802102211,"10":50.0555955524,"11":-30.31034014,"12":0.2107445287,"13":68.2971699013,"14":-25.4193814676,"15":-30.5966654605,"16":97.1102849845,"17":-68.9449871134,"18":58.1936412048,"19":1.3148399094,"20":20.011700529,"21":53.2294255987,"22":-61.3292647832,"23":23.3532407669,"24":75.5421944365,"25":-14.1735811628,"26":9.1846027259,"27":-2.0715470605,"28":-35.0981677978,"29":-17.0297617888,"30":61.6702173237,"31":13.3629068706,"32":-37.7853385957,"33":67.5204788829,"34":-23.253591751,"35":-15.136617491,"36":4.8576253916,"37":30.1975498599,"38":-17.4328078675,"39":7.4052761206,"40":7.2058416686,"41":-7.9550906474,"42":-10.0167821675,"43":48.1474736482,"44":-34.8569515885,"45":8.5792560931,"46":-42.6565460922,"47":71.1419786897,"48":40.1810593873,"49":-45.5349926713,"50":71.7010395708,"51":-13.6948153935,"52":-23.4445718424,"53":-19.2892263125,"54":25.3467909061,"55":-1.5376374195,"56":-9.0395172857,"57":57.7958056255,"58":-38.2606208672,"59":44.9001518094,"60":-11.8707883237,"61":20.6952314561,"62":-30.9569893447,"63":-8.3571098896,"64":56.3818462771,"65":25.0741090446,"66":-61.6299449906,"67":119.1995180484,"68":-24.1154798848,"69":24.8845274853,"70":-58.5471999413,"71":83.8247601167,"72":47.9987859751,"73":-68.7896109138,"74":154.1001559233,"75":48.4286784399,"76":-55.286826936,"77":98.0382455533,"78":-35.2683534658,"79":0.2824702031,"80":-23.4850671593,"81":-10.4739479525,"82":40.0502849598,"83":56.350183411,"84":-26.7683174223,"85":-19.0637092059,"86":109.6448032727,"87":-48.1571105372,"88":19.8558131546,"89":-5.7327473404,"90":-39.2811896153,"91":-21.4341441111,"92":29.6502256236,"93":81.3406861959,"94":12.8163823384}}