{"YEAR":{"16":2022,"13":2019,"0":2006,"21":2027,"86":2092},"Mean":{"16":2.587628866,"13":2.5360824742,"0":2.5051546392,"21":2.3711340206,"86":2.2164948454},"TotalPrecip":{"16":927.5989690722,"13":909.1690721649,"0":897.8020618557,"21":849.0237113402,"86":798.8072164948},"PctChange":{"16":97.1102849845,"13":68.2971699013,"0":null,"21":53.2294255987,"86":109.6448032727}}