{"YEAR":{"73":2079,"91":2097,"70":2076,"66":2072,"46":2052},"Mean":{"73":0.5463917526,"91":0.618556701,"70":0.6391752577,"66":0.7525773196,"46":0.7835051546},"TotalPrecip":{"73":197.6917525773,"91":223.2072164948,"70":232.8237113402,"66":270.3783505155,"46":282.3278350515},"PctChange":{"73":-68.7896109138,"91":-21.4341441111,"70":-58.5471999413,"66":-61.6299449906,"46":-42.6565460922}}